"date","geography","geography code","Rural Urban","Sex: All persons; measures: Value","Sex: Males; measures: Value","Sex: Females; measures: Value"
"2011","North East","E12000001","Total",2596886,1269703,1327183
"2011","North West","E12000002","Total",7052177,3464685,3587492
"2011","Yorkshire and The Humber","E12000003","Total",5283733,2598078,2685655
"2011","East Midlands","E12000004","Total",4533222,2234493,2298729
"2011","West Midlands","E12000005","Total",5601847,2763187,2838660
"2011","East","E12000006","Total",5846965,2875807,2971158
"2011","London","E12000007","Total",8173941,4033289,4140652
"2011","South East","E12000008","Total",8634750,4239298,4395452
"2011","South West","E12000009","Total",5288935,2590608,2698327
"2011","Wales","W92000004","Total",3063456,1504228,1559228
