
"RM056 - Hours worked by sex by age"
"ONS Crown Copyright Reserved [from Nomis on 28 April 2024]"
"Population :","All usual residents aged 16 years and over in employment the week before the census"
"Units      :","Persons"
"Date       :","2021"
"Age        :","Total"
"Sex        :","All persons"

"region","Total","Part-time","Part-time: 15 hours or less worked","Part-time: 16 to 30 hours worked","Full-time","Full-time: 31 to 48 hours worked","Full-time: 49 or more hours worked"

"East",3028640,898611,326076,572535,2130029,1770150,359879
"East Midlands",2272326,670917,221782,449135,1601409,1359549,241860
"London",4360076,1222652,464499,758153,3137424,2555494,581930
"North East",1138056,345175,105032,240143,792881,687220,105661
"North West",3341742,999722,321084,678638,2342020,2038032,303988
"South East",4471779,1320832,490870,829962,3150947,2618494,532453
"South West",2692333,868411,303624,564787,1823922,1534128,289794
"Wales",1368456,409566,123617,285949,958890,818791,140099
"West Midlands",2638890,787700,259933,527767,1851190,1585888,265302
"Yorkshire and The Humber",2461368,757413,238550,518863,1703955,1459903,244052



"","In order to protect against disclosure of personal information, records"
"","have been swapped between different geographic areas and counts perturbed"
"","by small amounts. Small counts at the lowest geographies will be most"
"","affected."
"",""







"RM056 - Hours worked by sex by age"
"ONS Crown Copyright Reserved [from Nomis on 28 April 2024]"
"Population :","All usual residents aged 16 years and over in employment the week before the census"
"Units      :","Persons"
"Date       :","2021"
"Age        :","Total"
"Sex        :","Female"

"region","Total","Part-time","Part-time: 15 hours or less worked","Part-time: 16 to 30 hours worked","Full-time","Full-time: 31 to 48 hours worked","Full-time: 49 or more hours worked"

"East",1441007,630513,215178,415335,810494,722553,87941
"East Midlands",1085190,474566,146990,327576,610624,553327,57297
"London",2109928,749143,278990,470153,1360785,1169053,191732
"North East",555450,243375,68152,175223,312075,285488,26587
"North West",1611800,675741,202566,473175,936059,855250,80809
"South East",2140712,916762,318122,598640,1223950,1081973,141977
"South West",1292729,612002,198988,413014,680727,607871,72856
"Wales",662197,287883,80154,207729,374314,340794,33520
"West Midlands",1247692,539105,168767,370338,708587,642139,66448
"Yorkshire and The Humber",1175325,525403,154946,370457,649922,590673,59249



"","In order to protect against disclosure of personal information, records"
"","have been swapped between different geographic areas and counts perturbed"
"","by small amounts. Small counts at the lowest geographies will be most"
"","affected."
"",""







"RM056 - Hours worked by sex by age"
"ONS Crown Copyright Reserved [from Nomis on 28 April 2024]"
"Population :","All usual residents aged 16 years and over in employment the week before the census"
"Units      :","Persons"
"Date       :","2021"
"Age        :","Total"
"Sex        :","Male"

"region","Total","Part-time","Part-time: 15 hours or less worked","Part-time: 16 to 30 hours worked","Full-time","Full-time: 31 to 48 hours worked","Full-time: 49 or more hours worked"

"East",1587633,268098,110898,157200,1319535,1047597,271938
"East Midlands",1187136,196351,74792,121559,990785,806222,184563
"London",2250148,473509,185509,288000,1776639,1386441,390198
"North East",582606,101800,36880,64920,480806,401732,79074
"North West",1729942,323981,118518,205463,1405961,1182782,223179
"South East",2331067,404070,172748,231322,1926997,1536521,390476
"South West",1399604,256409,104636,151773,1143195,926257,216938
"Wales",706259,121683,43463,78220,584576,477997,106579
"West Midlands",1391198,248595,91166,157429,1142603,943749,198854
"Yorkshire and The Humber",1286043,232010,83604,148406,1054033,869230,184803



"","In order to protect against disclosure of personal information, records"
"","have been swapped between different geographic areas and counts perturbed"
"","by small amounts. Small counts at the lowest geographies will be most"
"","affected."
"",""







"RM056 - Hours worked by sex by age"
"ONS Crown Copyright Reserved [from Nomis on 28 April 2024]"
"Population :","All usual residents aged 16 years and over in employment the week before the census"
"Units      :","Persons"
"Date       :","2021"
"Age        :","Aged 15 years and under"
"Sex        :","All persons"

"region","Total","Part-time","Part-time: 15 hours or less worked","Part-time: 16 to 30 hours worked","Full-time","Full-time: 31 to 48 hours worked","Full-time: 49 or more hours worked"

"East",0,0,0,0,0,0,0
"East Midlands",0,0,0,0,0,0,0
"London",0,0,0,0,0,0,0
"North East",0,0,0,0,0,0,0
"North West",0,0,0,0,0,0,0
"South East",0,0,0,0,0,0,0
"South West",0,0,0,0,0,0,0
"Wales",0,0,0,0,0,0,0
"West Midlands",0,0,0,0,0,0,0
"Yorkshire and The Humber",0,0,0,0,0,0,0



"","In order to protect against disclosure of personal information, records"
"","have been swapped between different geographic areas and counts perturbed"
"","by small amounts. Small counts at the lowest geographies will be most"
"","affected."
"",""







"RM056 - Hours worked by sex by age"
"ONS Crown Copyright Reserved [from Nomis on 28 April 2024]"
"Population :","All usual residents aged 16 years and over in employment the week before the census"
"Units      :","Persons"
"Date       :","2021"
"Age        :","Aged 15 years and under"
"Sex        :","Female"

"region","Total","Part-time","Part-time: 15 hours or less worked","Part-time: 16 to 30 hours worked","Full-time","Full-time: 31 to 48 hours worked","Full-time: 49 or more hours worked"

"East",0,0,0,0,0,0,0
"East Midlands",0,0,0,0,0,0,0
"London",0,0,0,0,0,0,0
"North East",0,0,0,0,0,0,0
"North West",0,0,0,0,0,0,0
"South East",0,0,0,0,0,0,0
"South West",0,0,0,0,0,0,0
"Wales",0,0,0,0,0,0,0
"West Midlands",0,0,0,0,0,0,0
"Yorkshire and The Humber",0,0,0,0,0,0,0



"","In order to protect against disclosure of personal information, records"
"","have been swapped between different geographic areas and counts perturbed"
"","by small amounts. Small counts at the lowest geographies will be most"
"","affected."
"",""







"RM056 - Hours worked by sex by age"
"ONS Crown Copyright Reserved [from Nomis on 28 April 2024]"
"Population :","All usual residents aged 16 years and over in employment the week before the census"
"Units      :","Persons"
"Date       :","2021"
"Age        :","Aged 15 years and under"
"Sex        :","Male"

"region","Total","Part-time","Part-time: 15 hours or less worked","Part-time: 16 to 30 hours worked","Full-time","Full-time: 31 to 48 hours worked","Full-time: 49 or more hours worked"

"East",0,0,0,0,0,0,0
"East Midlands",0,0,0,0,0,0,0
"London",0,0,0,0,0,0,0
"North East",0,0,0,0,0,0,0
"North West",0,0,0,0,0,0,0
"South East",0,0,0,0,0,0,0
"South West",0,0,0,0,0,0,0
"Wales",0,0,0,0,0,0,0
"West Midlands",0,0,0,0,0,0,0
"Yorkshire and The Humber",0,0,0,0,0,0,0



"","In order to protect against disclosure of personal information, records"
"","have been swapped between different geographic areas and counts perturbed"
"","by small amounts. Small counts at the lowest geographies will be most"
"","affected."
"",""







"RM056 - Hours worked by sex by age"
"ONS Crown Copyright Reserved [from Nomis on 28 April 2024]"
"Population :","All usual residents aged 16 years and over in employment the week before the census"
"Units      :","Persons"
"Date       :","2021"
"Age        :","Aged 16 to 24 years"
"Sex        :","All persons"

"region","Total","Part-time","Part-time: 15 hours or less worked","Part-time: 16 to 30 hours worked","Full-time","Full-time: 31 to 48 hours worked","Full-time: 49 or more hours worked"

"East",309614,114447,58600,55847,195167,177081,18086
"East Midlands",246343,92982,47643,45339,153361,140584,12777
"London",380946,150725,75561,75164,230221,202707,27514
"North East",120000,47539,23666,23873,72461,67680,4781
"North West",360633,143309,71230,72079,217324,203038,14286
"South East",445990,175262,94611,80651,270728,245462,25266
"South West",288416,115301,60738,54563,173115,157314,15801
"Wales",143135,58283,27836,30447,84852,77607,7245
"West Midlands",281400,108971,53745,55226,172429,159117,13312
"Yorkshire and The Humber",273272,105669,53177,52492,167603,154517,13086



"","In order to protect against disclosure of personal information, records"
"","have been swapped between different geographic areas and counts perturbed"
"","by small amounts. Small counts at the lowest geographies will be most"
"","affected."
"",""







"RM056 - Hours worked by sex by age"
"ONS Crown Copyright Reserved [from Nomis on 28 April 2024]"
"Population :","All usual residents aged 16 years and over in employment the week before the census"
"Units      :","Persons"
"Date       :","2021"
"Age        :","Aged 16 to 24 years"
"Sex        :","Female"

"region","Total","Part-time","Part-time: 15 hours or less worked","Part-time: 16 to 30 hours worked","Full-time","Full-time: 31 to 48 hours worked","Full-time: 49 or more hours worked"

"East",150818,65753,34213,31540,85065,79906,5159
"East Midlands",121321,55661,28878,26783,65660,62204,3456
"London",198058,84568,43581,40987,113490,103138,10352
"North East",59656,28787,14491,14296,30869,29521,1348
"North West",181067,84728,43070,41658,96339,92025,4314
"South East",219079,99639,55012,44627,119440,111721,7719
"South West",139773,66728,35731,30997,73045,68738,4307
"Wales",69917,34917,17000,17917,35000,33169,1831
"West Midlands",137615,63765,32075,31690,73850,70042,3808
"Yorkshire and The Humber",134864,63632,32715,30917,71232,67787,3445



"","In order to protect against disclosure of personal information, records"
"","have been swapped between different geographic areas and counts perturbed"
"","by small amounts. Small counts at the lowest geographies will be most"
"","affected."
"",""







"RM056 - Hours worked by sex by age"
"ONS Crown Copyright Reserved [from Nomis on 28 April 2024]"
"Population :","All usual residents aged 16 years and over in employment the week before the census"
"Units      :","Persons"
"Date       :","2021"
"Age        :","Aged 16 to 24 years"
"Sex        :","Male"

"region","Total","Part-time","Part-time: 15 hours or less worked","Part-time: 16 to 30 hours worked","Full-time","Full-time: 31 to 48 hours worked","Full-time: 49 or more hours worked"

"East",158796,48694,24387,24307,110102,97175,12927
"East Midlands",125022,37321,18765,18556,87701,78380,9321
"London",182888,66157,31980,34177,116731,99569,17162
"North East",60344,18752,9175,9577,41592,38159,3433
"North West",179566,58581,28160,30421,120985,111013,9972
"South East",226911,75623,39599,36024,151288,133741,17547
"South West",148643,48573,25007,23566,100070,88576,11494
"Wales",73218,23366,10836,12530,49852,44438,5414
"West Midlands",143785,45206,21670,23536,98579,89075,9504
"Yorkshire and The Humber",138408,42037,20462,21575,96371,86730,9641



"","In order to protect against disclosure of personal information, records"
"","have been swapped between different geographic areas and counts perturbed"
"","by small amounts. Small counts at the lowest geographies will be most"
"","affected."
"",""







"RM056 - Hours worked by sex by age"
"ONS Crown Copyright Reserved [from Nomis on 28 April 2024]"
"Population :","All usual residents aged 16 years and over in employment the week before the census"
"Units      :","Persons"
"Date       :","2021"
"Age        :","Aged 25 to 34 years"
"Sex        :","All persons"

"region","Total","Part-time","Part-time: 15 hours or less worked","Part-time: 16 to 30 hours worked","Full-time","Full-time: 31 to 48 hours worked","Full-time: 49 or more hours worked"

"East",662204,144900,46753,98147,517304,442494,74810
"East Midlands",499003,112556,31279,81277,386447,337704,48743
"London",1276924,241661,88447,153214,1035263,847701,187562
"North East",247990,61553,15686,45867,186437,165954,20483
"North West",765819,177669,49290,128379,588150,525207,62943
"South East",944905,200764,64794,135970,744141,639869,104272
"South West",569820,134091,39521,94570,435729,377705,58024
"Wales",296524,72048,18137,53911,224476,198082,26394
"West Midlands",590780,136428,38833,97595,454352,399986,54366
"Yorkshire and The Humber",556572,135843,35746,100097,420729,369937,50792



"","In order to protect against disclosure of personal information, records"
"","have been swapped between different geographic areas and counts perturbed"
"","by small amounts. Small counts at the lowest geographies will be most"
"","affected."
"",""







"RM056 - Hours worked by sex by age"
"ONS Crown Copyright Reserved [from Nomis on 28 April 2024]"
"Population :","All usual residents aged 16 years and over in employment the week before the census"
"Units      :","Persons"
"Date       :","2021"
"Age        :","Aged 25 to 34 years"
"Sex        :","Female"

"region","Total","Part-time","Part-time: 15 hours or less worked","Part-time: 16 to 30 hours worked","Full-time","Full-time: 31 to 48 hours worked","Full-time: 49 or more hours worked"

"East",322450,106369,33062,73307,216081,195651,20430
"East Midlands",242356,84601,22329,62272,157755,145240,12515
"London",640857,147904,52937,94967,492953,422681,70272
"North East",122459,44574,10425,34149,77885,72310,5575
"North West",376968,124589,32297,92292,252379,233715,18664
"South East",463277,145314,44851,100463,317963,286865,31098
"South West",277898,100160,27868,72292,177738,161852,15886
"Wales",144947,52767,12384,40383,92180,85881,6299
"West Midlands",284234,97558,26431,71127,186676,171699,14977
"Yorkshire and The Humber",270174,98310,24146,74164,171864,158028,13836



"","In order to protect against disclosure of personal information, records"
"","have been swapped between different geographic areas and counts perturbed"
"","by small amounts. Small counts at the lowest geographies will be most"
"","affected."
"",""







"RM056 - Hours worked by sex by age"
"ONS Crown Copyright Reserved [from Nomis on 28 April 2024]"
"Population :","All usual residents aged 16 years and over in employment the week before the census"
"Units      :","Persons"
"Date       :","2021"
"Age        :","Aged 25 to 34 years"
"Sex        :","Male"

"region","Total","Part-time","Part-time: 15 hours or less worked","Part-time: 16 to 30 hours worked","Full-time","Full-time: 31 to 48 hours worked","Full-time: 49 or more hours worked"

"East",339754,38531,13691,24840,301223,246843,54380
"East Midlands",256647,27955,8950,19005,228692,192464,36228
"London",636067,93757,35510,58247,542310,425020,117290
"North East",125531,16979,5261,11718,108552,93644,14908
"North West",388851,53080,16993,36087,335771,291492,44279
"South East",481628,55450,19943,35507,426178,353004,73174
"South West",291922,33931,11653,22278,257991,215853,42138
"Wales",151577,19281,5753,13528,132296,112201,20095
"West Midlands",306546,38870,12402,26468,267676,228287,39389
"Yorkshire and The Humber",286398,37533,11600,25933,248865,211909,36956



"","In order to protect against disclosure of personal information, records"
"","have been swapped between different geographic areas and counts perturbed"
"","by small amounts. Small counts at the lowest geographies will be most"
"","affected."
"",""







"RM056 - Hours worked by sex by age"
"ONS Crown Copyright Reserved [from Nomis on 28 April 2024]"
"Population :","All usual residents aged 16 years and over in employment the week before the census"
"Units      :","Persons"
"Date       :","2021"
"Age        :","Aged 35 to 49 years"
"Sex        :","All persons"

"region","Total","Part-time","Part-time: 15 hours or less worked","Part-time: 16 to 30 hours worked","Full-time","Full-time: 31 to 48 hours worked","Full-time: 49 or more hours worked"

"East",1024956,275611,81595,194016,749345,610372,138973
"East Midlands",746247,196804,50365,146439,549443,459479,89964
"London",1554637,424657,141223,283434,1129980,901387,228593
"North East",369730,97393,22575,74818,272337,232613,39724
"North West",1094195,291537,72572,218965,802658,688759,113899
"South East",1532688,399615,119113,280502,1133073,924466,208607
"South West",859567,247690,66802,180888,611877,508045,103832
"Wales",436742,112065,25306,86759,324677,276439,48238
"West Midlands",868438,234977,61093,173884,633461,535021,98440
"Yorkshire and The Humber",801729,222074,52924,169150,579655,490334,89321



"","In order to protect against disclosure of personal information, records"
"","have been swapped between different geographic areas and counts perturbed"
"","by small amounts. Small counts at the lowest geographies will be most"
"","affected."
"",""







"RM056 - Hours worked by sex by age"
"ONS Crown Copyright Reserved [from Nomis on 28 April 2024]"
"Population :","All usual residents aged 16 years and over in employment the week before the census"
"Units      :","Persons"
"Date       :","2021"
"Age        :","Aged 35 to 49 years"
"Sex        :","Female"

"region","Total","Part-time","Part-time: 15 hours or less worked","Part-time: 16 to 30 hours worked","Full-time","Full-time: 31 to 48 hours worked","Full-time: 49 or more hours worked"

"East",492498,217176,61575,155601,275322,241758,33564
"East Midlands",360721,153856,37485,116371,206865,184995,21870
"London",732060,276250,91740,184510,455810,385662,70148
"North East",182565,74825,15784,59041,107740,97322,10418
"North West",528137,212702,49514,163188,315435,284598,30837
"South East",740892,314012,88525,225487,426880,372091,54789
"South West",418678,198144,50556,147588,220534,194836,25698
"Wales",215124,87177,18141,69036,127947,116039,11908
"West Midlands",412586,173468,43437,130031,239118,213960,25158
"Yorkshire and The Humber",384472,165988,37539,128449,218484,196216,22268



"","In order to protect against disclosure of personal information, records"
"","have been swapped between different geographic areas and counts perturbed"
"","by small amounts. Small counts at the lowest geographies will be most"
"","affected."
"",""







"RM056 - Hours worked by sex by age"
"ONS Crown Copyright Reserved [from Nomis on 28 April 2024]"
"Population :","All usual residents aged 16 years and over in employment the week before the census"
"Units      :","Persons"
"Date       :","2021"
"Age        :","Aged 35 to 49 years"
"Sex        :","Male"

"region","Total","Part-time","Part-time: 15 hours or less worked","Part-time: 16 to 30 hours worked","Full-time","Full-time: 31 to 48 hours worked","Full-time: 49 or more hours worked"

"East",532458,58435,20020,38415,474023,368614,105409
"East Midlands",385526,42948,12880,30068,342578,274484,68094
"London",822577,148407,49483,98924,674170,515725,158445
"North East",187165,22568,6791,15777,164597,135291,29306
"North West",566058,78835,23058,55777,487223,404161,83062
"South East",791796,85603,30588,55015,706193,552375,153818
"South West",440889,49546,16246,33300,391343,313209,78134
"Wales",221618,24888,7165,17723,196730,160400,36330
"West Midlands",455852,61509,17656,43853,394343,321061,73282
"Yorkshire and The Humber",417257,56086,15385,40701,361171,294118,67053



"","In order to protect against disclosure of personal information, records"
"","have been swapped between different geographic areas and counts perturbed"
"","by small amounts. Small counts at the lowest geographies will be most"
"","affected."
"",""







"RM056 - Hours worked by sex by age"
"ONS Crown Copyright Reserved [from Nomis on 28 April 2024]"
"Population :","All usual residents aged 16 years and over in employment the week before the census"
"Units      :","Persons"
"Date       :","2021"
"Age        :","Aged 50 to 64 years"
"Sex        :","All persons"

"region","Total","Part-time","Part-time: 15 hours or less worked","Part-time: 16 to 30 hours worked","Full-time","Full-time: 31 to 48 hours worked","Full-time: 49 or more hours worked"

"East",892982,281019,96095,184924,611963,495470,116493
"East Midlands",688176,214777,65693,149084,473399,391019,82380
"London",998954,324858,118133,206725,674096,548728,125368
"North East",357127,114226,31521,82705,242901,206083,36818
"North West",989798,310193,90948,219245,679605,577261,102344
"South East",1336897,417919,145036,272883,918978,741885,177093
"South West",833664,284904,92050,192854,548760,449180,99580
"Wales",424433,131015,35890,95125,293418,243616,49802
"West Midlands",785745,243435,74666,168769,542310,452834,89476
"Yorkshire and The Humber",735511,238184,69593,168591,497327,414894,82433



"","In order to protect against disclosure of personal information, records"
"","have been swapped between different geographic areas and counts perturbed"
"","by small amounts. Small counts at the lowest geographies will be most"
"","affected."
"",""







"RM056 - Hours worked by sex by age"
"ONS Crown Copyright Reserved [from Nomis on 28 April 2024]"
"Population :","All usual residents aged 16 years and over in employment the week before the census"
"Units      :","Persons"
"Date       :","2021"
"Age        :","Aged 50 to 64 years"
"Sex        :","Female"

"region","Total","Part-time","Part-time: 15 hours or less worked","Part-time: 16 to 30 hours worked","Full-time","Full-time: 31 to 48 hours worked","Full-time: 49 or more hours worked"

"East",420424,201226,64861,136365,219198,192591,26607
"East Midlands",324667,154277,44736,109541,170390,152308,18082
"London",476235,200170,70089,130081,276065,238275,37790
"North East",172867,82343,21331,61012,90524,82005,8519
"North West",472111,214705,58731,155974,257406,232545,24861
"South East",632518,296054,96324,199730,336464,291734,44730
"South West",400202,205024,62439,142585,195178,170907,24271
"Wales",205206,94534,24092,70442,110672,98902,11770
"West Midlands",368830,172565,50402,122163,196265,175613,20652
"Yorkshire and The Humber",348373,169712,46730,122982,178661,160485,18176



"","In order to protect against disclosure of personal information, records"
"","have been swapped between different geographic areas and counts perturbed"
"","by small amounts. Small counts at the lowest geographies will be most"
"","affected."
"",""







"RM056 - Hours worked by sex by age"
"ONS Crown Copyright Reserved [from Nomis on 28 April 2024]"
"Population :","All usual residents aged 16 years and over in employment the week before the census"
"Units      :","Persons"
"Date       :","2021"
"Age        :","Aged 50 to 64 years"
"Sex        :","Male"

"region","Total","Part-time","Part-time: 15 hours or less worked","Part-time: 16 to 30 hours worked","Full-time","Full-time: 31 to 48 hours worked","Full-time: 49 or more hours worked"

"East",472558,79793,31234,48559,392765,302879,89886
"East Midlands",363509,60500,20957,39543,303009,238711,64298
"London",522719,124688,48044,76644,398031,310453,87578
"North East",184260,31883,10190,21693,152377,124078,28299
"North West",517687,95488,32217,63271,422199,344716,77483
"South East",704379,121865,48712,73153,582514,450151,132363
"South West",433462,79880,29611,50269,353582,278273,75309
"Wales",219227,36481,11798,24683,182746,144714,38032
"West Midlands",416915,70870,24264,46606,346045,277221,68824
"Yorkshire and The Humber",387138,68472,22863,45609,318666,254409,64257



"","In order to protect against disclosure of personal information, records"
"","have been swapped between different geographic areas and counts perturbed"
"","by small amounts. Small counts at the lowest geographies will be most"
"","affected."
"",""







"RM056 - Hours worked by sex by age"
"ONS Crown Copyright Reserved [from Nomis on 28 April 2024]"
"Population :","All usual residents aged 16 years and over in employment the week before the census"
"Units      :","Persons"
"Date       :","2021"
"Age        :","Aged 65 years and over"
"Sex        :","All persons"

"region","Total","Part-time","Part-time: 15 hours or less worked","Part-time: 16 to 30 hours worked","Full-time","Full-time: 31 to 48 hours worked","Full-time: 49 or more hours worked"

"East",138884,82634,43033,39601,56250,44733,11517
"East Midlands",92557,53798,26802,26996,38759,30763,7996
"London",148615,80751,41135,39616,67864,54971,12893
"North East",43209,24464,11584,12880,18745,14890,3855
"North West",131297,77014,37044,39970,54283,43767,10516
"South East",211299,127272,67316,59956,84027,66812,17215
"South West",140866,86425,44513,41912,54441,41884,12557
"Wales",67622,36155,16448,19707,31467,23047,8420
"West Midlands",112527,63889,31596,32293,48638,38930,9708
"Yorkshire and The Humber",94284,55643,27110,28533,38641,30221,8420



"","In order to protect against disclosure of personal information, records"
"","have been swapped between different geographic areas and counts perturbed"
"","by small amounts. Small counts at the lowest geographies will be most"
"","affected."
"",""







"RM056 - Hours worked by sex by age"
"ONS Crown Copyright Reserved [from Nomis on 28 April 2024]"
"Population :","All usual residents aged 16 years and over in employment the week before the census"
"Units      :","Persons"
"Date       :","2021"
"Age        :","Aged 65 years and over"
"Sex        :","Female"

"region","Total","Part-time","Part-time: 15 hours or less worked","Part-time: 16 to 30 hours worked","Full-time","Full-time: 31 to 48 hours worked","Full-time: 49 or more hours worked"

"East",54817,39989,21467,18522,14828,12647,2181
"East Midlands",36125,26171,13562,12609,9954,8580,1374
"London",62718,40251,20643,19608,22467,19297,3170
"North East",17903,12846,6121,6725,5057,4330,727
"North West",53517,39017,18954,20063,14500,12367,2133
"South East",84946,61743,33410,28333,23203,19562,3641
"South West",56178,41946,22394,19552,14232,11538,2694
"Wales",27003,18488,8537,9951,8515,6803,1712
"West Midlands",44427,31749,16422,15327,12678,10825,1853
"Yorkshire and The Humber",37442,27761,13816,13945,9681,8157,1524



"","In order to protect against disclosure of personal information, records"
"","have been swapped between different geographic areas and counts perturbed"
"","by small amounts. Small counts at the lowest geographies will be most"
"","affected."
"",""







"RM056 - Hours worked by sex by age"
"ONS Crown Copyright Reserved [from Nomis on 28 April 2024]"
"Population :","All usual residents aged 16 years and over in employment the week before the census"
"Units      :","Persons"
"Date       :","2021"
"Age        :","Aged 65 years and over"
"Sex        :","Male"

"region","Total","Part-time","Part-time: 15 hours or less worked","Part-time: 16 to 30 hours worked","Full-time","Full-time: 31 to 48 hours worked","Full-time: 49 or more hours worked"

"East",84067,42645,21566,21079,41422,32086,9336
"East Midlands",56432,27627,13240,14387,28805,22183,6622
"London",85897,40500,20492,20008,45397,35674,9723
"North East",25306,11618,5463,6155,13688,10560,3128
"North West",77780,37997,18090,19907,39783,31400,8383
"South East",126353,65529,33906,31623,60824,47250,13574
"South West",84688,44479,22119,22360,40209,30346,9863
"Wales",40619,17667,7911,9756,22952,16244,6708
"West Midlands",68100,32140,15174,16966,35960,28105,7855
"Yorkshire and The Humber",56842,27882,13294,14588,28960,22064,6896



"","In order to protect against disclosure of personal information, records"
"","have been swapped between different geographic areas and counts perturbed"
"","by small amounts. Small counts at the lowest geographies will be most"
"","affected."
"",""

